c_charge_degree,Average - is_recid
F,0.218402777777778
M,0.19645732689211
Total Result,0.209782837866329
